{
    "loss": 0.2283138483762741,
    "accuracy": 0.9112903475761414
}